{"src/main.cpp": 1753084897.916906, "src/networking/packet_types/packet_types.cpp": 1752878822.197186, "src/networking/packets/packets.cpp": 1752878615.2737947, "src/networking/client_packet_network/client_packet_network.cpp": 1752974383.6031759, "src/networking/client_networking/network.cpp": 1752973839.0381672, "src/networking/packet_handler/packet_handler.cpp": 1752895333.0537329, "src/networking/packet_data/packet_data.cpp": 1752878705.4836218, "src/sound/sound_system/load_sound_file.cpp": 1752969987.776777, "src/sound/sound_system/sound_system.cpp": 1752974362.6383903, "src/sound/sound_system/openal_utils/openal_utils.cpp": 1752974123.3019278, "src/sound/sound_types/sound_types.cpp": 1752971140.5726213, "src/utility/unique_id_generator/unique_id_generator.cpp": 1752971318.8160217, "src/utility/stopwatch/stopwatch.cpp": 1752963776.042205, "src/utility/argument_parser/argument_parser.cpp": 1753065588.713212, "src/utility/rate_limiter/rate_limiter.cpp": 1752972881.8011248, "src/utility/fixed_frequency_loop/fixed_frequency_loop.cpp": 1752899794.4177403, "src/utility/logger/logger.cpp": 1752878709.2126143}