{"src/main.cpp": 1753070863.7100737, "src/networking/server_packet_network/server_packet_network.cpp": 1753050107.6171238, "src/networking/server_networking/network.cpp": 1753004429.1723619, "src/networking/packet_types/packet_types.cpp": 1752878822.197186, "src/networking/packets/packets.cpp": 1752878615.2737947, "src/networking/packet_handler/packet_handler.cpp": 1753004433.2515445, "src/networking/packet_data/packet_data.cpp": 1753004436.8526995, "src/sound/sound_types/sound_types.cpp": 1752971140.5726213, "src/utility/stopwatch/stopwatch.cpp": 1752983943.081145, "src/utility/rate_limiter/rate_limiter.cpp": 1753053350.8185587, "src/utility/fixed_frequency_loop/fixed_frequency_loop.cpp": 1752983236.426527, "src/utility/logger/logger.cpp": 1753004439.5828137}